model,horizon_s,mean_m,median_m,p95_m,n
Kalman,10.0,108.57125328134005,59.784583727172844,327.47637282854305,142720
Kalman,20.0,249.8480925207425,122.90470041058082,820.2906108458967,142720
Kalman,30.0,437.98233390735317,207.16873130513827,1428.8321132770752,142720
Kalman,40.0,667.9870958378322,318.3321247575259,2106.351261838975,142720
Kalman,50.0,935.9138401361397,465.25450929619745,2829.062033245855,142720
Kalman,60.0,1238.994873786924,658.1824703981714,3579.0743289507323,142720
Kalman,70.0,1575.0654750150736,907.3985742442819,4354.095852890844,142720
Kalman,80.0,1940.5147397653104,1216.694993816384,5138.339740207862,142720
Kalman,90.0,2331.795702652873,1591.6822674222883,5931.394434315452,142720
Kalman,100.0,2746.0580968028644,2028.969468219729,6735.03467358999,142720
Kalman,110.0,3178.6023306545826,2510.7197579602116,7531.340452705258,142720
Kalman,120.0,3625.937896207572,3044.619351115375,8321.810190409808,142720
LSTM,10.0,66.68551510853956,47.413233536463196,157.16074676115505,142720
LSTM,20.0,156.1421827464718,98.9753258501008,469.7528453035902,142720
LSTM,30.0,287.967795513567,170.01082131922462,945.014784994231,142720
LSTM,40.0,458.6534962176098,263.74327256837546,1511.2802876232963,142720
LSTM,50.0,663.3147272001524,386.0448103292631,2116.1945001747445,142720
LSTM,60.0,895.248806564878,542.5321142618332,2726.7727539120915,142720
LSTM,70.0,1149.082753493213,738.2402573792112,3334.2479219910942,142720
LSTM,80.0,1417.6486906898083,970.1540751661482,3926.6408340310554,142720
LSTM,90.0,1694.0475369498422,1229.195237760554,4502.632688426083,142720
LSTM,100.0,1976.2563085182933,1503.3522252742503,5070.8527105923395,142720
LSTM,110.0,2258.120598705433,1786.0100253138985,5638.527815699278,142720
LSTM,120.0,2539.1579089303345,2064.6832323183817,6207.935827522523,142720
Transformer,10.0,48.143619711570445,31.924932392540555,114.04981646295332,142720
Transformer,20.0,95.50294317270004,61.15731033897873,253.12248895901539,142720
Transformer,30.0,150.47508258416846,98.40723244919674,407.4354216940427,142720
Transformer,40.0,210.81385556901012,143.43025661296795,562.0489150134568,142720
Transformer,50.0,276.444893555658,194.35856240489758,725.8582580902461,142720
Transformer,60.0,346.7986814149625,248.8587601646701,899.5661042113531,142720
Transformer,70.0,420.9098444110276,306.60472973675223,1087.708574236209,142720
Transformer,80.0,498.24406407874403,367.17463603825325,1282.5529048227615,142720
Transformer,90.0,578.7510846200441,427.6353214564292,1501.9028824259944,142720
Transformer,100.0,663.1907425482419,489.6028643309238,1729.7949490458143,142720
Transformer,110.0,750.0847941378504,552.3924131455392,1971.7310903028938,142720
Transformer,120.0,839.6033809356509,613.109303107293,2223.4404798627907,142720
