airport,date,files,median_gap_s,track_rows,aircraft,windows,multi_agent,field_elev_m
kbtp,2020-08-01,38,1.12,4665,4,217,0,358
kbtp,2020-09-30,1,1.1,14755,29,779,43,396
kbtp,2021-01-21,1,1.06,31643,32,1391,331,396
kbtp,2021-11-08,2,1.06,64637,63,2230,974,267
kbtp,2022-01-05,1,1.11,4063,15,169,0,411
kbtp,2022-03-05,1,1.12,33885,31,1667,336,267
kbtp,2022-05-02,1,,0,0,0,0,10666
kbtp,2022-06-30,1,1.0,85122,91,3702,1572,274
kbtp,2022-09-12,1,1.0,42328,56,1922,609,366
kbtp,2022-10-27,1,1.0,59095,53,2142,1088,244
kagc,2021-10-31,1,4.1,0,0,0,0,381
kagc,2021-12-22,1,4.15,0,0,0,0,335
kagc,2022-01-21,1,4.75,0,0,0,0,206
kagc,2022-02-21,1,4.44,0,0,0,0,290
kagc,2022-03-25,1,4.14,0,0,0,0,404
kagc,2022-04-25,1,4.89,0,0,0,0,335
kagc,2022-05-27,1,4.4,0,0,0,0,389
kagc,2022-06-26,1,1.0,142,1,2,0,335
kagc,2022-07-29,1,1.0,2037,8,54,0,335
kagc,2022-08-30,1,1.0,144,1,2,0,366
