method,setting,false_alarms_per_hour,detection_rate,median_lead_time_s,events,"det_(0, 30]","det_(30, 60]","det_(60, 90]","det_(90, 120]"
closure_rate,10.0,0.061818494032798155,0.717391304347826,1.0,138.0,0.717391304347826,,,
closure_rate,20.0,0.34000171718038985,0.6404494382022472,1.0,178.0,0.6404494382022472,,,
closure_rate,30.0,0.8963681634755732,0.591743119266055,1.0,218.0,0.591743119266055,,,
closure_rate,40.0,1.5763715978363528,0.5503875968992248,1.0,258.0,0.6330275229357798,0.1,,
closure_rate,60.0,2.7509229844595176,0.4604105571847507,1.0,341.0,0.6513761467889908,0.12195121951219512,,
closure_rate,90.0,5.440027474886238,0.39090909090909093,1.0,440.0,0.6559633027522935,0.2032520325203252,0.04040404040404041,
closure_rate,120.0,7.603674766034173,0.32765151515151514,1.0,528.0,0.6559633027522935,0.2032520325203252,0.050505050505050504,0.0
kalman_cv,0.15,0.46363870524598616,0.011363636363636364,7.0,528.0,0.027522935779816515,0.0,0.0,0.0
kalman_cv,0.25,1.1127328925903668,0.03409090909090909,1.0,528.0,0.06422018348623854,0.032520325203252036,0.0,0.0
kalman_cv,0.35,1.7000085859019491,0.06060606060606061,1.0,528.0,0.11926605504587157,0.04065040650406504,0.010101010101010102,0.0
kalman_cv,0.5,2.9363784665579122,0.10227272727272728,1.0,528.0,0.1926605504587156,0.07317073170731707,0.030303030303030304,0.0
kalman_cv,0.7,4.821842534558256,0.16856060606060605,1.0,528.0,0.3211009174311927,0.13008130081300814,0.030303030303030304,0.0
kalman_cv,1.0,10.169142268395296,0.36174242424242425,2.0,528.0,0.7018348623853211,0.25203252032520324,0.050505050505050504,0.022727272727272728
lstm,0.15,0.24727397613119262,0.00946969696969697,1.0,528.0,0.022935779816513763,0.0,0.0,0.0
lstm,0.25,0.803640422426376,0.02462121212121212,1.0,528.0,0.05504587155963303,0.008130081300813009,0.0,0.0
lstm,0.35,1.607280844852752,0.07196969696969698,15.0,528.0,0.12844036697247707,0.056910569105691054,0.020202020202020204,0.011363636363636364
lstm,0.5,3.245470936721903,0.11553030303030302,13.0,528.0,0.20642201834862386,0.08943089430894309,0.030303030303030304,0.022727272727272728
lstm,0.7,6.583669614493004,0.19318181818181818,19.5,528.0,0.2981651376146789,0.21951219512195122,0.08080808080808081,0.022727272727272728
lstm,1.0,15.980080707478322,0.3996212121212121,15.0,528.0,0.6284403669724771,0.3983739837398374,0.18181818181818182,0.07954545454545454
